{
    "_comments": "https://ifttt.com/applets/UHcg5jkZ-quickly-email-yourself-a-note",
    "resource": "/IFTTT-instance",
    "path": "/IFTTT-instance",
    "httpMethod": "POST",
    "body": {
        "scriptCode": "var note = DoNote.newNote.Text; var subject = `Quick Note`; Email.sendMeEmail.setSubject(subject); Email.sendMeEmail.setBody(note);",
        "config": {
            "currentTime": "2025-02-17T12:00:00.000Z",
            "timeZone": "GMT",
            "triggerTime": "2025-02-17T12:00:00.000Z",
            "trigger": {
                "serviceName": "DoNote",
                "name": "newNote",
                "ingredients": "{\"Text\":\"Remember to buy groceries!\"}"
            },
            "actions": [
                {
                    "serviceName": "Email",
                    "name": "sendMeEmail",
                    "fields": [
                        "Subject",
                        "Body"
                    ]
                }
            ]
        }
    }
  }
  