{
    "_comments": "Applet that sends a rich Notification from the IFTTT app whenever a Gmail message is received that matches a search query",
    "resource": "/IFTTT-instance",
    "path": "/IFTTT-instance",
    "httpMethod": "POST",
    "body": {
      "scriptCode": "var trigger_subject = Gmail.newEmailSimpleSearch.Subject; var trigger_bodyplain = Gmail.newEmailSimpleSearch.BodyPlain; const myWorkflow = 'Gmail New Email'; const subjectBodySeparator = '||'; const workflowURL = encodeURI('workflow://run-workflow?name=' + myWorkflow + '&input=text&text=') + encodeURIComponent(trigger_subject + subjectBodySeparator + trigger_bodyplain); IfNotifications.sendRichNotification.setTitle('Tap to run \"' + myWorkflow + '\"'); IfNotifications.sendRichNotification.setMessage('The email’s subject and body will be passed unformatted to the workflow.'); IfNotifications.sendRichNotification.setLinkUrl(workflowURL);",
      "config": {
        "currentTime": "2025-02-17T12:00:00.000Z",
        "timeZone": "GMT",
        "triggerTime": "2025-02-17T12:00:00.000Z",
        "trigger": {
          "ingredients": "{ \"Subject\": \"Meeting Update\", \"BodyPlain\": \"The meeting has been rescheduled to 3 PM.\" }",
          "serviceName": "Gmail",
          "name": "newEmailSimpleSearch"
        },
        "actions": [
          {
            "serviceName": "IfNotifications",
            "name": "sendRichNotification",
            "fields": [
              "Title",
              "Message",
              "LinkUrl"
            ]
          }
        ]
      }
    }
  }
  